{"cameraMode":{"drawMode":0,"name":"Shaded","section":"Shading Mode"},"sceneLighting":true,"audioPlay":false,"sceneViewState":{"showFog":true,"showMaterialUpdate":false,"showSkybox":true,"showFlares":true,"showImageEffects":true,"showParticleSystems":true},"in2DMode":false,"pivot":{"x":-5.39470911026001,"y":16.609142303466798,"z":15.757143020629883},"rotation":{"x":0.3361539840698242,"y":0.5915815830230713,"z":-0.296796053647995,"w":0.6700506806373596},"size":6.843635559082031,"orthographic":false}